technique,summary
original_summary,"– a major snafu has hit benefit payments to student veterans under the gi bill — and congressional aides tells nbc that they have been told the veterans are never going to be paid back . the aides say they were told by the department of veterans affairs that the va will not be making retroactive payments to veterans who were underpaid for their housing allowance because it would mean reviewing around 2 millions claims , further delaying implementation of a new system , which has already been pushed back to dec. 2019. under the forever gi bill signed into law by president trump last year , students are supposed to be paid housing allowance based on where they take the most classes , not on where the school ' s main campus is located . tanya ang , vice president of veterans education success , tells the military times that the va ' s excuse of retroactive payments creating too much work isn ' t good enough . "" that could be hundreds of dollars for some students — per month , "" she says . "" if this was a disability benefit , this would never fly . "" the issue , which is the result of new legislation being introduced before the va ' s outdated computer system could handle it , has contributed to a backlog of claims that has forced some veterans facing financial hardship to abandon their studies , the tennessean reports . the agency is still working to process more than 58,000 claims , reports the star tribune . the paper ' s editorial board calls the delays a "" national disgrace . "" "" those courageous enough to go into battle should face zero delays in getting the education benefits they ’ ve earned , "" they write ."
random_grouping_summarization,"The comments on Veterans' GI Bill payment delays reveal a widespread impact on veterans, their families, and educational institutions. Financial hardships stemming from delayed payments are a central theme, with veterans struggling to manage household expenses, rent, and academic needs. Criticisms toward the VA focus significantly on outdated and inefficient technology systems, contributing to payment backlogs and errors. Despite some universities providing short-term loans and deferring tuition to mitigate the impact, veterans experience stress and instability.

Several legislative and policy adjustments have been made, like eliminating the 15-year usage limit for post-9/11 GI Bill benefits and extending the Yellow Ribbon Program to more recipients. However, delays in processing these changes and inconsistent payment times persist, causing frustration among veterans. Efforts by the VA to address these delays include improved communication, pilot programs, and policy updates to support STEM and high-technology training.

Institutions like Middle Tennessee State University and Vanderbilt University have taken proactive measures such as training staff, notifying students of potential delays, and providing template letters for landlords, yet systemic issues within the VA remain a significant barrier to timely benefits delivery. There is a call for more reliable infrastructure, better communication, and legislative action to ensure veterans receive their deserved benefits without further delays, highlighting the urgent need for comprehensive reform within the VA’s processing systems."
label_based_summarization,"The summarized comments on Veterans' GI Bill payment delays underscore significant financial hardships for veterans who struggle to pay for basics like rent and groceries, and remain enrolled in educational programs. There is widespread frustration over the VA's lack of communication and transparency, compounded by outdated technology systems and administrative inefficiencies. Failures in implementing new legislation for housing allowances and reimbursements are also highlighted as problematic. Calls for immediate action are strong, with demands for improved VA processes, better congressional oversight, and upgraded technology systems. The comments reflect a demand for greater accountability, clearer information, and more efficient support to ensure timely and accurate benefits for veterans."
cluster_based_summarization,"Veterans' GI Bill payment delays have provoked widespread frustration and financial hardship among veterans, impacting their ability to pay for rent, tuition, and other essential expenses. The Department of Veterans Affairs (VA) has recognized these issues and announced measures to address the delays, but skepticism persists about their effectiveness and timeliness. Legislative actions, such as the House's unanimous passage of a bill to streamline the process, have been met with both appreciation and concern over implementation. The emotional and psychological toll on veterans highlights the broader impact beyond financial inconvenience, affecting their education and overall well-being.

New legislative updates bring changes to improve the efficiency and reach of GI Bill benefits. These include immediate assistance, extensions for Purple Heart recipients and active-duty service members under the Yellow Ribbon Program, and adjustments to benefit levels based on service percentages. Other provisions focus on monthly housing allowances tied to campus attendance, support for students affected by school closures, expanded work-study opportunities, and enhanced benefits for STEM fields. Notable changes also include the elimination of the 15-year benefit use limitation and updates to survivors' and dependents' educational benefits. Overall, comments reflect a blend of practical anticipation and hope for sustained improvements in managing educational assistance for veterans."
topic_extraction_cluster_based_summarization,"Veterans are facing substantial frustration and financial hardship due to persistent delays in GI Bill payments by the U.S. Department of Veterans Affairs (VA). The delays have severely impacted their ability to cover essential expenses such as tuition, housing, and daily needs, leading many to take out loans, max out credit cards, or face possible eviction. This financial instability has also negatively affected veterans' academic performance and mental health, exacerbating feelings of neglect and abandonment. The community consistently calls for improved communication, expedited payment processing, and enhanced support mechanisms from the VA. There is a strong, unified demand for immediate, effective solutions to remedy these payment issues and uphold the VA's commitments, ensuring the financial and emotional stability of veterans."
